{
  "Routes": [
    {
      "UpstreamPathTemplate": "/Auth/login",
      "UpstreamHttpMethod": [ "Post" ],
      "DownstreamScheme": "https",
      "DownstreamPathTemplate": "/api/Auth/login",
      "DownstreamHostAndPorts": [
        {
          "Host": "localhost",
          "Port": 7276
        }
      ]
    },
    {
      "UpstreamPathTemplate": "/shoes",
      "UpstreamHttpMethod": [ "Get" ],
      "DownstreamPathTemplate": "/api/shoes",
      "DownstreamScheme": "https",
      "DownstreamHostAndPorts": [
        {
          "Host": "localhost",
          "Port": 7070
        }
      ],
      "AuthenticationOptions": {
        "AuthenticationProviderKey": "Bearer"
      }
    },
    {
      "UpstreamPathTemplate": "/shoes/{everything}",
      "UpstreamHttpMethod": [ "Delete" ],
      "DownstreamPathTemplate": "/api/shoes/{everything}",
      "DownstreamScheme": "https",
      "DownstreamHostAndPorts": [
        {
          "Host": "localhost",
          "Port": 7070
        }
      ],
      "AuthenticationOptions": {
        "AuthenticationProviderKey": "Bearer",
        "AllowedScopes": []
      },
      "RouteClaimsRequirement": { "Role": "Admin" }
    }
  ],
  "GlobalConfiguration": {
    "BaseUrl": "https://localhost:7255"
  }
}